{
  "Criminal Appeals and Sentencing": 0.026816608996539794,
  "High Court Judgments and Appeals": 0.09558823529411764,
  "Court Appeals and Legal Costs": 0.023356401384083045,
  "Court Evidence and Defendant Cases": 0.03330449826989619,
  "Novelty Evidence and Legal Cases": 0.020761245674740483,
  "Legal Parties and Applications": 0.0523356401384083,
  "Legal Procedure and Application": 0.020761245674740483,
  "Court Issues and Defendant Claims": 0.016003460207612456,
  "Legal Applications and Arbitration": 0.029411764705882353,
  "Evidence and Agreements": 0.023356401384083045,
  "Case Evidence and Defendants": 0.014705882352941176,
  "Defendant Claims and Legal Costs": 0.018166089965397925,
  "Legal Rights and Court Issues": 0.028114186851211073,
  "Legal Evidence and Agreements": 0.011678200692041523,
  "Loan Agreements and Defendant Evidence": 0.006487889273356401,
  "Defendant Evidence and Legal Claims": 0.03373702422145329,
  "Appeals and Defendant Claims": 0.030709342560553632,
  "Court Claims and Defendant Issues": 0.022058823529411766,
  "Legal Issues and Defendant Offences": 0.01643598615916955,
  "Plaintiff Claims and Legal Evidence": 0.02551903114186851,
  "Appeal Reasons and Court Applications": 0.020761245674740483,
  "Civil Judgments and Claimant Appeals": 0.016003460207612456,
  "Court Agreements and Plaintiff Claims": 0.02768166089965398,
  "Court Orders and Defendant Cases": 0.019463667820069204,
  "Plaintiff Claims and Company Accounts": 0.01773356401384083,
  "Court Orders and Plaintiff Documents": 0.022058823529411766,
  "Defendant Claims and Court Orders": 0.018166089965397925,
  "Court Proceedings and Guarantees": 0.02249134948096886,
  "Court Applications and Legal Cases": 0.025951557093425604,
  "Court Applications and Defendant Appeals": 0.019896193771626297,
  "Court Cases and Shop Matters": 0.014705882352941176,
  "Plaintiff Appeals and Legal Stays": 0.008217993079584774,
  "Court Applications and Company Claims": 0.025086505190311418,
  "Plaintiff Rights and Defendant Claims": 0.016868512110726645,
  "Legal Evidence and Incidents": 0.010813148788927335,
  "Defendant Charges and Legal Applications": 0.0328719723183391,
  "Legal Claims and Defendant Applications": 0.018166089965397925,
  "Defendant Accusations and Plaintiff Claims": 0.023356401384083045,
  "Court Appeals and Company Claims": 0.009515570934256055,
  "Plaintiff Claims and Agreements": 0.014273356401384083,
  "Court Decisions and Company Matters": 0.02768166089965398,
  "Court Vessels and Plaintiff Claims": 0.01643598615916955,
  "Company Claims and Accounts": 0.01643598615916955,
  "Court Interests and Company Shares": 0.006055363321799308
}
